relpath,changed_lines_normalized,kind
common/agreement_term_values/00_agreement_term_values.txt,50,text
common/ai_budget/00_advanced_logic_budget.txt,8,text
common/ai_budget/00_alloys_budget.txt,640,text
common/ai_budget/00_astral_threads_budget.txt,54,text
common/ai_budget/00_biomass_budget.txt,60,text
common/ai_budget/00_dark_matter_budget.txt,100,text
common/ai_budget/00_energy_budget.txt,32,text
common/ai_budget/00_exotic_gases_budget.txt,141,text
common/ai_budget/00_food_budget.txt,191,text
common/ai_budget/00_living_metal_budget.txt,71,text
common/ai_budget/00_luxury_goods_budget.txt,22,text
common/ai_budget/00_minerals_budget.txt,26,text
common/ai_budget/00_nanites_budget.txt,16,text
common/ai_budget/00_rare_crystals_budget.txt,154,text
common/ai_budget/00_trade_budget.txt,150,text
common/ai_budget/00_volatile_motes_budget.txt,85,text
common/ai_budget/00_zro_budget.txt,61,text
common/anomalies/100_anomaly_categories_paragon.txt,15,text
common/anomalies/101_anomaly_categories_astral_planes.txt,49,text
common/anomalies/103_anomaly_categories_extreme_frontiers.txt,6,text
common/armies/00_defense_armies.txt,73,text
common/armies/01_assault_armies.txt,268,text
common/armies/02_event_armies.txt,91,text
common/artifact_actions/artifact_actions.txt,226,text
common/ascension_perks/00_ascension_paths.txt,402,text
common/ascension_perks/00_ascension_perks.txt,598,text
common/buildings/00_capital_buildings.txt,116,text
common/buildings/02_government_buildings.txt,220,text
common/buildings/03_resource_buildings.txt,522,text
common/buildings/04_manufacturing_buildings.txt,385,text
common/buildings/05_research_buildings.txt,255,text
common/buildings/06_trade_buildings.txt,47,text
common/buildings/07_amenity_buildings.txt,198,text
common/buildings/08_unity_buildings.txt,610,text
common/buildings/09_army_buildings.txt,75,text
common/buildings/10_deposit_buildings.txt,57,text
common/buildings/12_event_buildings.txt,142,text
common/buildings/14_branch_office_buildings.txt,453,text
common/buildings/15_overlord_holdings.txt,233,text
common/component_templates/00_strike_craft.txt,43,text
common/component_templates/00_utilities.txt,149,text
common/component_templates/00_utilities_afterburners.txt,14,text
common/component_templates/00_utilities_aux.txt,81,text
common/component_templates/00_utilities_aux_distant_stars.txt,5,text
common/component_templates/00_utilities_aux_first_contact.txt,240,text
common/component_templates/00_utilities_aux_grand_archive.txt,7,text
common/component_templates/00_utilities_aux_megacorp.txt,3,text
common/component_templates/00_utilities_drives.txt,54,text
common/component_templates/00_utilities_reactors.txt,168,text
common/component_templates/00_utilities_roles.txt,175,text
common/component_templates/00_utilities_sensors.txt,37,text
common/component_templates/00_utilities_shields.txt,252,text
common/component_templates/00_utilities_thrusters.txt,154,text
common/component_templates/00_weapons_archaeotechnology.txt,89,text
common/component_templates/00_weapons_distant_stars.txt,3,text
common/component_templates/00_weapons_energy.txt,323,text
common/component_templates/00_weapons_extra_large.txt,115,text
common/component_templates/00_weapons_megacorps.txt,21,text
common/component_templates/00_weapons_missiles.txt,85,text
common/component_templates/00_weapons_pointdefence.txt,48,text
common/component_templates/00_weapons_projectile.txt,237,text
common/country_customization/00_country_customization.txt,132,text
common/deposits/01_orbital_deposits.txt,93,text
common/deposits/01_planetary_deposits.txt,2171,text
common/deposits/02_sr_deposits.txt,188,text
common/districts/00_urban_districts.txt,76,text
common/districts/01_arcology_districts.txt,57,text
common/districts/02_rural_districts.txt,258,text
common/districts/03_habitat_districts.txt,111,text
common/economic_categories/00_common_categories.txt,158,text
common/economic_plans/01_base.txt,3,text
common/edicts/01_campaigns.txt,297,text
common/gamesetup_settings/gamesetup_settings.txt,132,text
common/governments/councilors/00_councilors.txt,177,text
common/inline_scripts/cosmic_storms/Spawn.txt,2,text
common/inline_scripts/cosmic_storms/StormConfig.txt,13,text
common/inline_scripts/jobs/job_enforcer_additional_modifiers.txt,27,text
common/inline_scripts/output/foundry_output.txt,24,text
common/job_tags/00_tags.txt,8,text
common/on_actions/00_on_actions.txt,424,text
common/planet_classes/00_planet_classes.txt,287,text
common/policies/00_policies.txt,916,text
common/pop_categories/00_social_classes.txt,25,text
common/pop_categories/02_other_categories.txt,299,text
common/pop_jobs/00_other_jobs.txt,743,text
common/pop_jobs/01_ruler_jobs.txt,97,text
common/pop_jobs/02_specialist_jobs.txt,793,text
common/pop_jobs/03_worker_jobs.txt,320,text
common/pop_jobs/04_gestalt_jobs.txt,824,text
common/pop_jobs/06_event_jobs.txt,720,text
common/pop_jobs/10_paragon_fake_jobs.txt,0,ws-identical
common/pop_jobs/13_machine_age_jobs.txt,322,text
common/pop_jobs/14_grand_archive_jobs.txt,346,text
common/pop_jobs/14_wilderness_jobs.txt,0,ws-identical
common/pop_jobs/15_strange_worlds_jobs.txt,60,text
common/random_names/base/00_random_names.txt,213,text
common/scripted_effects/cosmic_storms_scripted_effects.txt,49,text
common/scripted_triggers/00_scripted_triggers.txt,359,text
common/scripted_triggers/01_scripted_triggers_buildings.txt,244,text
common/section_templates/battleship.txt,34,text
common/section_templates/corvette.txt,9,text
common/section_templates/cruiser.txt,27,text
common/section_templates/destroyer.txt,19,text
common/section_templates/juggernaut.txt,3,text
common/section_templates/other.txt,53,text
common/section_templates/overlord.txt,84,text
common/section_templates/titan.txt,9,text
common/ship_sizes/00_first_contact.txt,69,text
common/ship_sizes/00_orbital_rings.txt,31,text
common/ship_sizes/00_ship_sizes.txt,211,text
common/ship_sizes/00_starbases.txt,126,text
common/ship_sizes/01_colossi.txt,50,text
common/ship_sizes/18_juggernauts.txt,52,text
common/star_classes/00_star_classes.txt,7387,text
common/strategic_resources/00_strategic_resources.txt,126,text
common/technology/00_ancient_relics_tech.txt,15,text
common/tradable_actions/00_tradable_actions.txt,45,text
common/traditions/00_adaptability.txt,79,text
common/traditions/00_expansion.txt,157,text
common/traditions/00_logistics.txt,0,ws-identical
common/traditions/01_virtuality.txt,4,text
common/traits/00_enclave_leader_traits.txt,12,text
common/traits/00_general_traits.txt,51,text
common/traits/00_generic_leader_traits.txt,59,text
common/traits/00_governor_traits.txt,152,text
common/traits/00_special_leader_traits.txt,20,text
common/traits/00_starting_ruler_traits.txt,37,text
common/traits/01_species_traits_habitability.txt,4187,text
common/traits/09_overlord_traits.txt,20,text
events/game_start.txt,1338,text
gfx/exe_icon.bmp,-1,binary-differs
gfx/FX/border.shader,4,text
gfx/FX/pdxmesh.shader,9,text
gfx/FX/restorescene.shader,8,text
gfx/interface/anomaly/line_short.dds,-1,binary-differs
gfx/interface/buttons/button_116_24_animated.dds,-1,binary-differs
gfx/interface/buttons/button_200_24_animated.dds,-1,binary-differs
gfx/interface/buttons/button_268_animated.dds,-1,binary-differs
gfx/interface/buttons/button_520_animated.dds,-1,binary-differs
gfx/interface/buttons/checkbox_20_20_01.dds,-1,binary-differs
gfx/interface/buttons/general_tab.dds,-1,binary-differs
gfx/interface/buttons/standard_button_200_24_animated.dds,-1,binary-differs
gfx/interface/buttons/white_stripe.dds,-1,binary-differs
gfx/interface/diplomacy/diplomacy_portrait_frame.dds,-1,binary-differs
gfx/interface/diplomacy/diplomacy_portrait_mask.dds,-1,binary-differs
gfx/interface/diplomacy/diplomacy_portrait_mask2.dds,-1,binary-differs
gfx/interface/diplomacy/diplomacy_shadow_frame.dds,-1,binary-differs
gfx/interface/diplomacy/diplomacy_stripes.dds,-1,binary-differs
gfx/interface/frontend/faded_border_bottom.dds,-1,binary-differs
gfx/interface/frontend/faded_border_top.dds,-1,binary-differs
gfx/interface/frontend/gamesetup_colorpicker.dds,-1,binary-differs
gfx/interface/frontend/gamesetup_colorpicker_highlight.dds,-1,binary-differs
gfx/interface/frontend/gamesetup_delete.dds,-1,binary-differs
gfx/interface/frontend/gamesetup_delete_mask.dds,-1,binary-differs
gfx/interface/frontend/hex_bg_corner.dds,-1,binary-differs
gfx/interface/frontend/pre_scripted.dds,-1,binary-differs
gfx/interface/frontend/selection_planet.dds,-1,binary-differs
gfx/interface/frontend/title_glow_big.dds,-1,binary-differs
gfx/interface/icons/colonizability_icons_shadow.dds,-1,binary-differs
gfx/interface/icons/fleet_size_icon.dds,-1,binary-differs
gfx/interface/icons/icon_leader.dds,-1,binary-differs
gfx/interface/icons/jobs/job_hunter.dds,-1,binary-differs
gfx/interface/icons/leaders/leaders_large.dds,-1,binary-differs
gfx/interface/icons/leaders/leaders_medium.dds,-1,binary-differs
gfx/interface/icons/leaders/leaders_small.dds,-1,binary-differs
gfx/interface/icons/message/message_background.dds,0,identical
gfx/interface/icons/modifiers/mod_consumer_goods_cost_add.dds,-1,binary-differs
gfx/interface/icons/modifiers/mod_consumer_goods_cost_mult.dds,-1,binary-differs
gfx/interface/icons/modifiers/mod_consumer_goods_produces_add.dds,-1,binary-differs
gfx/interface/icons/modifiers/mod_consumer_goods_produces_mult.dds,-1,binary-differs
gfx/interface/icons/modifiers/mod_consumer_goods_upkeep_add.dds,-1,binary-differs
gfx/interface/icons/modifiers/mod_consumer_goods_upkeep_mult.dds,-1,binary-differs
gfx/interface/icons/modifiers/mod_energy_cost_add.dds,-1,binary-differs
gfx/interface/icons/modifiers/mod_energy_cost_mult.dds,-1,binary-differs
gfx/interface/icons/modifiers/mod_energy_produces_add.dds,-1,binary-differs
gfx/interface/icons/modifiers/mod_energy_produces_mult.dds,-1,binary-differs
gfx/interface/icons/modifiers/mod_energy_upkeep_add.dds,-1,binary-differs
gfx/interface/icons/modifiers/mod_energy_upkeep_mult.dds,-1,binary-differs
gfx/interface/icons/modifiers/mod_food_cost_add.dds,-1,binary-differs
gfx/interface/icons/modifiers/mod_food_cost_mult.dds,-1,binary-differs
gfx/interface/icons/modifiers/mod_food_produces_add.dds,-1,binary-differs
gfx/interface/icons/modifiers/mod_food_produces_mult.dds,-1,binary-differs
gfx/interface/icons/modifiers/mod_food_upkeep_add.dds,-1,binary-differs
gfx/interface/icons/modifiers/mod_food_upkeep_mult.dds,-1,binary-differs
gfx/interface/icons/modifiers/mod_influence_negative.dds,-1,binary-differs
gfx/interface/icons/modifiers/mod_minerals_cost_add.dds,-1,binary-differs
gfx/interface/icons/modifiers/mod_minerals_cost_mult.dds,-1,binary-differs
gfx/interface/icons/modifiers/mod_minerals_produces_add.dds,-1,binary-differs
gfx/interface/icons/modifiers/mod_minerals_produces_mult.dds,-1,binary-differs
gfx/interface/icons/modifiers/mod_minerals_upkeep_add.dds,-1,binary-differs
gfx/interface/icons/modifiers/mod_minerals_upkeep_mult.dds,-1,binary-differs
gfx/interface/icons/modifiers/mod_resource_consumer_goods_mult.dds,-1,binary-differs
gfx/interface/icons/modifiers/mod_resource_energy_mult.dds,-1,binary-differs
gfx/interface/icons/modifiers/mod_resource_food_mult.dds,-1,binary-differs
gfx/interface/icons/modifiers/mod_resource_minerals_mult.dds,-1,binary-differs
gfx/interface/icons/modifiers/mod_resource_unity_mult.dds,-1,binary-differs
gfx/interface/icons/modifiers/mod_trade_value_add.dds,-1,binary-differs
gfx/interface/icons/modifiers/mod_trade_value_mult.dds,-1,binary-differs
gfx/interface/icons/modifiers/mod_unity_cost_add.dds,-1,binary-differs
gfx/interface/icons/modifiers/mod_unity_cost_mult.dds,-1,binary-differs
gfx/interface/icons/modifiers/mod_unity_gain_mult.dds,-1,binary-differs
gfx/interface/icons/modifiers/mod_unity_loss_mult.dds,-1,binary-differs
gfx/interface/icons/modifiers/mod_unity_produces_add.dds,-1,binary-differs
gfx/interface/icons/modifiers/mod_unity_produces_mult.dds,-1,binary-differs
gfx/interface/icons/modifiers/mod_unity_upkeep_add.dds,-1,binary-differs
gfx/interface/icons/modifiers/mod_unity_upkeep_mult.dds,-1,binary-differs
gfx/interface/icons/pop.dds,-1,binary-differs
gfx/interface/icons/research_icon.dds,-1,binary-differs
gfx/interface/icons/resources/consumer_goods.dds,-1,binary-differs
gfx/interface/icons/resources/consumer_goods_grey.dds,-1,binary-differs
gfx/interface/icons/resources/consumer_goods_large.dds,-1,binary-differs
gfx/interface/icons/resources/energy.dds,-1,binary-differs
gfx/interface/icons/resources/energy_grey.dds,-1,binary-differs
gfx/interface/icons/resources/engineering_research.dds,-1,binary-differs
gfx/interface/icons/resources/engineering_research_grey.dds,-1,binary-differs
gfx/interface/icons/resources/food.dds,-1,binary-differs
gfx/interface/icons/resources/food_grey.dds,-1,binary-differs
gfx/interface/icons/resources/food_market_large.dds,-1,binary-differs
gfx/interface/icons/resources/influence.dds,-1,binary-differs
gfx/interface/icons/resources/influence_grey.dds,-1,binary-differs
gfx/interface/icons/resources/mineral_market_large.dds,-1,binary-differs
gfx/interface/icons/resources/minerals.dds,-1,binary-differs
gfx/interface/icons/resources/minerals_grey.dds,-1,binary-differs
gfx/interface/icons/resources/physics_research.dds,-1,binary-differs
gfx/interface/icons/resources/physics_research_grey.dds,-1,binary-differs
gfx/interface/icons/resources/society_research.dds,-1,binary-differs
gfx/interface/icons/resources/society_research_grey.dds,-1,binary-differs
gfx/interface/icons/resources/trade_value.dds,-1,binary-differs
gfx/interface/icons/resources/trade_value_grey.dds,-1,binary-differs
gfx/interface/icons/resources/trade_value_large.dds,-1,binary-differs
gfx/interface/icons/resources/unity.dds,-1,binary-differs
gfx/interface/icons/resources/unity_grey.dds,-1,binary-differs
gfx/interface/icons/ship_classes.dds,-1,binary-differs
gfx/interface/icons/ship_overlay_icons.dds,-1,binary-differs
gfx/interface/main/game_logo.dds,-1,binary-differs
gfx/interface/main/navbar_bg.dds,-1,binary-differs
gfx/interface/main/navbar_bg_wide.dds,-1,binary-differs
gfx/interface/main/topbar_background.dds,-1,binary-differs
gfx/interface/main/topbar_background_cutoff.dds,-1,binary-differs
gfx/interface/main/topbar_bar_04.dds,-1,binary-differs
gfx/interface/planetview/planet_view_center_hex_bg.dds,-1,binary-differs
gfx/interface/planetview/planet_view_middle.dds,-1,binary-differs
gfx/interface/situation_log/event_mask.dds,-1,binary-differs
gfx/interface/tiles/clean_frame_area.dds,-1,binary-differs
gfx/interface/tiles/green_bg_tile.dds,-1,binary-differs
gfx/interface/tiles/topbar_bar.dds,-1,binary-differs
gfx/interface/traditions/arrow_bridge.dds,-1,binary-differs
gfx/interface/traditions/arrow_double.dds,-1,binary-differs
gfx/interface/traditions/arrow_long.dds,-1,binary-differs
gfx/interface/traditions/arrow_merge.dds,-1,binary-differs
gfx/interface/traditions/arrow_merge_in_left.dds,-1,binary-differs
gfx/interface/traditions/arrow_merge_in_right.dds,-1,binary-differs
gfx/interface/traditions/arrow_merge_wide.dds,-1,binary-differs
gfx/interface/traditions/arrow_side_step_left.dds,-1,binary-differs
gfx/interface/traditions/arrow_side_step_right.dds,-1,binary-differs
gfx/interface/traditions/arrow_single.dds,-1,binary-differs
gfx/lights/star_lights.asset,2,text
gfx/loadingscreens/load_1.dds,-1,binary-differs
gfx/loadingscreens/load_10.dds,-1,binary-differs
gfx/loadingscreens/load_11.dds,-1,binary-differs
gfx/loadingscreens/load_12.dds,-1,binary-differs
gfx/loadingscreens/load_13.dds,-1,binary-differs
gfx/loadingscreens/load_14.dds,-1,binary-differs
gfx/loadingscreens/load_15.dds,-1,binary-differs
gfx/loadingscreens/load_16.dds,-1,binary-differs
gfx/loadingscreens/load_17.dds,-1,binary-differs
gfx/loadingscreens/load_18.dds,-1,binary-differs
gfx/loadingscreens/load_19.dds,-1,binary-differs
gfx/loadingscreens/load_2.dds,-1,binary-differs
gfx/loadingscreens/load_3.dds,-1,binary-differs
gfx/loadingscreens/load_4.dds,-1,binary-differs
gfx/loadingscreens/load_5.dds,-1,binary-differs
gfx/loadingscreens/load_6.dds,-1,binary-differs
gfx/loadingscreens/load_7.dds,-1,binary-differs
gfx/loadingscreens/load_8.dds,-1,binary-differs
gfx/loadingscreens/load_9.dds,-1,binary-differs
gfx/map/center.dds,-1,binary-differs
gfx/map/galaxycolor.dds,-1,binary-differs
gfx/map/nebulacolor.dds,-1,binary-differs
gfx/map/star_classes/b_star.dds,-1,binary-differs
gfx/map/star_classes/t_star.dds,-1,binary-differs
gfx/models/galaxy_map/_galaxy_map_objects.asset,12,text
gfx/models/planets/_planetary_entities.asset,1318,text
gfx/models/planets/_star_entities.asset,21,text
gfx/models/planets/alpine_01_diffuse.dds,-1,binary-differs
gfx/models/planets/alpine_01_normal.dds,-1,binary-differs
gfx/models/planets/alpine_01_specular.dds,-1,binary-differs
gfx/models/planets/alpine_02_diffuse.dds,-1,binary-differs
gfx/models/planets/alpine_02_normal.dds,-1,binary-differs
gfx/models/planets/alpine_02_specular.dds,-1,binary-differs
gfx/models/planets/alpine_03_diffuse.dds,-1,binary-differs
gfx/models/planets/alpine_03_normal.dds,-1,binary-differs
gfx/models/planets/alpine_03_specular.dds,-1,binary-differs
gfx/models/planets/arctic_01_diffuse.dds,-1,binary-differs
gfx/models/planets/arctic_02_diffuse.dds,-1,binary-differs
gfx/models/planets/arctic_03_diffuse.dds,-1,binary-differs
gfx/models/planets/arid_01_diffuse.dds,-1,binary-differs
gfx/models/planets/arid_01_normal.dds,-1,binary-differs
gfx/models/planets/arid_02_diffuse.dds,-1,binary-differs
gfx/models/planets/arid_02_normal.dds,-1,binary-differs
gfx/models/planets/arid_03_diffuse.dds,-1,binary-differs
gfx/models/planets/arid_03_normal.dds,-1,binary-differs
gfx/models/planets/barren_01_diffuse.dds,-1,binary-differs
gfx/models/planets/barren_01_normal.dds,-1,binary-differs
gfx/models/planets/barren_01_specular.dds,-1,binary-differs
gfx/models/planets/barren_02_diffuse.dds,-1,binary-differs
gfx/models/planets/barren_02_normal.dds,-1,binary-differs
gfx/models/planets/barren_02_specular.dds,-1,binary-differs
gfx/models/planets/barren_03_diffuse.dds,-1,binary-differs
gfx/models/planets/barren_03_normal.dds,-1,binary-differs
gfx/models/planets/barren_03_specular.dds,-1,binary-differs
gfx/models/planets/barren_04_diffuse.dds,-1,binary-differs
gfx/models/planets/barren_04_normal.dds,-1,binary-differs
gfx/models/planets/barren_04_specular.dds,-1,binary-differs
gfx/models/planets/clouded_planet.mesh,-1,binary-differs
gfx/models/planets/cold_barren_01_diffuse.dds,-1,binary-differs
gfx/models/planets/cold_barren_02_diffuse.dds,-1,binary-differs
gfx/models/planets/cold_barren_03_diffuse.dds,-1,binary-differs
gfx/models/planets/cold_barren_04_diffuse.dds,-1,binary-differs
gfx/models/planets/cold_barren_04_normal.dds,-1,binary-differs
gfx/models/planets/cold_barren_04_specular.dds,-1,binary-differs
gfx/models/planets/continental_01_diffuse.dds,-1,binary-differs
gfx/models/planets/continental_02_diffuse.dds,-1,binary-differs
gfx/models/planets/continental_03_diffuse.dds,-1,binary-differs
gfx/models/planets/desert_01_diffuse.dds,-1,binary-differs
gfx/models/planets/desert_01_normal.dds,-1,binary-differs
gfx/models/planets/desert_02_diffuse.dds,-1,binary-differs
gfx/models/planets/desert_02_normal.dds,-1,binary-differs
gfx/models/planets/desert_03_diffuse.dds,-1,binary-differs
gfx/models/planets/desert_03_normal.dds,-1,binary-differs
gfx/models/planets/distant_stars_planets/_distant_stars_star_entities.asset,15,text
gfx/models/planets/distant_stars_planets/brown_dwarf_01_clouds_diffuse.dds,-1,binary-differs
gfx/models/planets/distant_stars_planets/brown_dwarf_01_clouds_shadow_diffuse.dds,0,identical
gfx/models/planets/distant_stars_planets/brown_dwarf_01_diffuse.dds,-1,binary-differs
gfx/models/planets/frozen_01_diffuse.dds,-1,binary-differs
gfx/models/planets/frozen_02_diffuse.dds,-1,binary-differs
gfx/models/planets/frozen_03_diffuse.dds,-1,binary-differs
gfx/models/planets/gaia_01_diffuse.dds,-1,binary-differs
gfx/models/planets/gas_giant_01_diffuse.dds,-1,binary-differs
gfx/models/planets/gas_giant_01_normal.dds,-1,binary-differs
gfx/models/planets/gas_giant_01_specular.dds,-1,binary-differs
gfx/models/planets/gas_giant_02_diffuse.dds,-1,binary-differs
gfx/models/planets/gas_giant_03_diffuse.dds,-1,binary-differs
gfx/models/planets/gas_giant_04_diffuse.dds,-1,binary-differs
gfx/models/planets/gas_giant_05_diffuse.dds,-1,binary-differs
gfx/models/planets/gas_giant_06_diffuse.dds,-1,binary-differs
gfx/models/planets/gas_giant_06_normal.dds,-1,binary-differs
gfx/models/planets/gas_giant_07_diffuse.dds,-1,binary-differs
gfx/models/planets/gas_giant_08_diffuse.dds,-1,binary-differs
gfx/models/planets/molten_01_diffuse.dds,-1,binary-differs
gfx/models/planets/molten_01_specular.dds,-1,binary-differs
gfx/models/planets/molten_02_diffuse.dds,-1,binary-differs
gfx/models/planets/molten_02_specular.dds,-1,binary-differs
gfx/models/planets/molten_03_diffuse.dds,-1,binary-differs
gfx/models/planets/molten_03_specular.dds,-1,binary-differs
gfx/models/planets/molten_04_diffuse.dds,-1,binary-differs
gfx/models/planets/molten_04_normal.dds,-1,binary-differs
gfx/models/planets/molten_04_specular.dds,-1,binary-differs
gfx/models/planets/nuked_clouds_medium_diffuse.dds,-1,binary-differs
gfx/models/planets/nuked_planet_01.mesh,-1,binary-differs
gfx/models/planets/ocean_01_diffuse.dds,-1,binary-differs
gfx/models/planets/ocean_01_normal.dds,-1,binary-differs
gfx/models/planets/ocean_02_diffuse.dds,-1,binary-differs
gfx/models/planets/ocean_02_normal.dds,-1,binary-differs
gfx/models/planets/ocean_03_diffuse.dds,-1,binary-differs
gfx/models/planets/ocean_03_normal.dds,-1,binary-differs
gfx/models/planets/planet_clouded.mesh,-1,binary-differs
gfx/models/planets/planet_no_pole_no_clouds.mesh,-1,binary-differs
gfx/models/planets/planet_non_clouded.mesh,-1,binary-differs
gfx/models/planets/planet_shielded.mesh,-1,binary-differs
gfx/models/planets/savannah_01_diffuse.dds,-1,binary-differs
gfx/models/planets/savannah_01_normal.dds,-1,binary-differs
gfx/models/planets/savannah_01_specular.dds,-1,binary-differs
gfx/models/planets/savannah_02_diffuse.dds,-1,binary-differs
gfx/models/planets/savannah_02_normal.dds,-1,binary-differs
gfx/models/planets/savannah_02_specular.dds,-1,binary-differs
gfx/models/planets/shielded_planet.mesh,-1,binary-differs
gfx/models/planets/tropical_01_diffuse.dds,-1,binary-differs
gfx/models/planets/tropical_01_normal.dds,-1,binary-differs
gfx/models/planets/tropical_02_diffuse.dds,-1,binary-differs
gfx/models/planets/tropical_02_normal.dds,-1,binary-differs
gfx/models/planets/tropical_03_diffuse.dds,-1,binary-differs
gfx/models/planets/tropical_03_normal.dds,-1,binary-differs
gfx/models/planets/tundra_01_diffuse.dds,-1,binary-differs
gfx/models/planets/tundra_01_normal.dds,-1,binary-differs
gfx/models/planets/tundra_02_diffuse.dds,-1,binary-differs
gfx/models/planets/tundra_02_normal.dds,-1,binary-differs
gfx/models/planets/tundra_03_diffuse.dds,-1,binary-differs
gfx/models/planets/tundra_03_normal.dds,-1,binary-differs
gfx/models/ships/megastructures/gateway/gateway.asset,639,text
gfx/models/ships/megastructures/gateway/gateway_portal.asset,6,text
gfx/models/ui/frontend_background.asset,51,text
gfx/models/ui/frontend_background.dds,-1,binary-differs
gfx/models/ui/frontend_background.mesh,-1,binary-differs
gfx/models/ui/overlord_frontend.asset,46,text
gfx/models/ui/overlord_frontend.gfx,56,text
gfx/particles/ships/ai_blue_station_explosion.asset,234,text
gfx/particles/ships/ai_station_explosion.asset,229,text
gfx/particles/ships/avian_01_large_ship_explosion.asset,519,text
gfx/particles/ships/avian_small_ship_explosion.asset,864,text
gfx/particles/ships/fungoid_01_large_ship_explosion.asset,588,text
gfx/particles/ships/fungoid_02_large_ship_explosion.asset,479,text
gfx/particles/ships/fungoid_large_ship_explosion.asset,430,text
gfx/particles/ships/habitat_explosion_effect.asset,250,text
gfx/particles/ships/large_ship_burn_effect.asset,34,text
gfx/particles/ships/large_ship_explosion.asset,577,text
gfx/particles/ships/player_ship_explosion_effect.asset,321,text
gfx/particles/ships/ship_burn_effect.asset,28,text
gfx/particles/ships/ship_explosion.asset,802,text
gfx/particles/ships/ship_explosion_air_vent.asset,465,text
gfx/particles/ships/station_explosion.asset,223,text
gfx/portraits/environments/pc_alpine_sky02.dds,-1,binary-differs
gfx/portraits/environments/pc_alpine_sky03.dds,-1,binary-differs
gfx/portraits/environments/pc_arctic_sky02.dds,-1,binary-differs
gfx/portraits/environments/pc_arctic_sky03.dds,-1,binary-differs
gfx/portraits/environments/pc_arid_sky02.dds,-1,binary-differs
gfx/portraits/environments/pc_arid_sky03.dds,-1,binary-differs
gfx/portraits/environments/pc_b_star_sky.dds,-1,binary-differs
gfx/portraits/environments/pc_broken_sky.dds,-1,binary-differs
gfx/portraits/environments/pc_browndwarf_sky.dds,-1,binary-differs
gfx/portraits/environments/pc_city_sky02.dds,-1,binary-differs
gfx/portraits/environments/pc_city_sky03.dds,-1,binary-differs
gfx/portraits/environments/pc_continental_sky02.dds,-1,binary-differs
gfx/portraits/environments/pc_continental_sky03.dds,-1,binary-differs
gfx/portraits/environments/pc_desert_sky02.dds,-1,binary-differs
gfx/portraits/environments/pc_desert_sky03.dds,-1,binary-differs
gfx/portraits/environments/pc_gaia_sky02.dds,-1,binary-differs
gfx/portraits/environments/pc_gaia_sky03.dds,-1,binary-differs
gfx/portraits/environments/pc_ocean_sky02.dds,-1,binary-differs
gfx/portraits/environments/pc_ocean_sky03.dds,-1,binary-differs
gfx/portraits/environments/pc_savannah_sky02.dds,-1,binary-differs
gfx/portraits/environments/pc_savannah_sky03.dds,-1,binary-differs
gfx/portraits/environments/pc_tropical_sky02.dds,-1,binary-differs
gfx/portraits/environments/pc_tropical_sky03.dds,-1,binary-differs
gfx/portraits/environments/pc_tundra_sky02.dds,-1,binary-differs
gfx/portraits/environments/pc_tundra_sky03.dds,-1,binary-differs
gfx/worldgfx/default.txt,1,text
gfx/worldgfx/star_a_class.txt,29,text
gfx/worldgfx/star_b_class.txt,35,text
gfx/worldgfx/star_black_hole.txt,19,text
gfx/worldgfx/star_ed_class.txt,25,text
gfx/worldgfx/star_f_class.txt,63,text
gfx/worldgfx/star_g_class.txt,51,text
gfx/worldgfx/star_k_class.txt,60,text
gfx/worldgfx/star_m_class.txt,36,text
gfx/worldgfx/star_neutron.txt,28,text
gfx/worldgfx/star_pulsar.txt,21,text
gfx/worldgfx/star_t_class.txt,10,text
interface/credits.gui,14,text
interface/credits.txt,7066,text
interface/fonts.gfx,120,text
interface/frontend.gui,111,text
interface/frontend_dlc.gui,7,text
interface/game_setup/setup.gfx,184,text
interface/game_setup/setup.gui,2,text
interface/icons.gfx,675,text
interface/leaders.gfx,34,text
interface/load_screen.gfx,13,text
interface/load_screen.gui,5,text
interface/main.gui,801,text
interface/main_bottom.gui,25,text
interface/mapicons.gfx,121,text
interface/matchmaking.gfx,108,text
interface/monthly_trade_view.gui,8,text
interface/multiplayer_view.gfx,6,text
interface/resource_groups/topbar_other_resource_groups.txt,51,text
interface/resource_groups/topbar_single_resource_groups.txt,111,text
interface/select_empire_design.gui,61,text
interface/standard_dialog.gui,239,text
interface/start_screen.gui,207,text
map/setup_scenarios/huge.txt,61,text
map/setup_scenarios/large.txt,61,text
map/setup_scenarios/medium.txt,61,text
map/setup_scenarios/small.txt,57,text
map/setup_scenarios/tiny.txt,56,text
flags/backgrounds/00_solid.dds,0,identical
flags/backgrounds/circle.dds,0,identical
flags/backgrounds/diagonal.dds,0,identical
flags/backgrounds/diagonal_stripe.dds,0,identical
flags/backgrounds/double_hemispheres.dds,0,identical
flags/backgrounds/double_triangles.dds,0,identical
flags/backgrounds/flag_BG_1.dds,0,identical
flags/backgrounds/flag_BG_10.dds,0,identical
flags/backgrounds/flag_BG_11.dds,0,identical
flags/backgrounds/flag_BG_12.dds,0,identical
flags/backgrounds/flag_BG_13.dds,0,identical
flags/backgrounds/flag_BG_15.dds,0,identical
flags/backgrounds/flag_BG_17.dds,0,identical
flags/backgrounds/flag_BG_18.dds,0,identical
flags/backgrounds/flag_BG_19.dds,0,identical
flags/backgrounds/flag_BG_2.dds,0,identical
flags/backgrounds/flag_BG_20.dds,0,identical
flags/backgrounds/flag_BG_21.dds,0,identical
flags/backgrounds/flag_BG_24.dds,0,identical
flags/backgrounds/flag_BG_26.dds,0,identical
flags/backgrounds/flag_BG_27.dds,0,identical
flags/backgrounds/flag_BG_28.dds,0,identical
flags/backgrounds/flag_BG_29.dds,0,identical
flags/backgrounds/flag_BG_3.dds,0,identical
flags/backgrounds/flag_BG_31.dds,0,identical
flags/backgrounds/flag_BG_32.dds,0,identical
flags/backgrounds/flag_BG_34.dds,0,identical
flags/backgrounds/flag_BG_35.dds,0,identical
flags/backgrounds/flag_BG_36.dds,0,identical
flags/backgrounds/flag_BG_37.dds,0,identical
flags/backgrounds/flag_BG_38.dds,0,identical
flags/backgrounds/flag_BG_39.dds,0,identical
flags/backgrounds/flag_BG_4.dds,0,identical
flags/backgrounds/flag_BG_40.dds,0,identical
flags/backgrounds/flag_BG_41.dds,0,identical
flags/backgrounds/flag_BG_42.dds,0,identical
flags/backgrounds/flag_BG_43.dds,0,identical
flags/backgrounds/flag_BG_45.dds,0,identical
flags/backgrounds/flag_BG_48.dds,0,identical
flags/backgrounds/flag_BG_49.dds,0,identical
flags/backgrounds/flag_BG_5.dds,0,identical
flags/backgrounds/flag_BG_50.dds,0,identical
flags/backgrounds/flag_BG_51.dds,0,identical
flags/backgrounds/flag_BG_52.dds,0,identical
flags/backgrounds/flag_BG_53.dds,0,identical
flags/backgrounds/flag_BG_54.dds,0,identical
flags/backgrounds/flag_BG_55.dds,0,identical
flags/backgrounds/flag_BG_56.dds,0,identical
flags/backgrounds/flag_BG_57.dds,0,identical
flags/backgrounds/flag_BG_6.dds,0,identical
flags/backgrounds/flag_BG_8.dds,0,identical
flags/backgrounds/horizontal.dds,-1,binary-differs
flags/backgrounds/horizontal_stripe.dds,-1,binary-differs
flags/backgrounds/inverted_v.dds,0,identical
flags/backgrounds/new_dawn.dds,0,identical
flags/backgrounds/pattern_01.dds,0,identical
flags/backgrounds/rounded_middle.dds,0,identical
flags/backgrounds/sinus.dds,0,identical
flags/backgrounds/stripe.dds,0,identical
flags/backgrounds/stripes.dds,0,identical
flags/backgrounds/triangle_split.dds,0,identical
flags/backgrounds/v.dds,0,identical
flags/backgrounds/vertical.dds,0,identical
flags/colors.txt,12053,text
sound/category.asset,76,text
sound/soundeffects.asset,295,text
sound/soundgroups.asset,5,text
music/maintheme.asset,2,text
music/maintheme.txt,0,ws-identical
music/maintheme2.asset,2,text
music/maintheme2.txt,6,text
music/maintheme3.asset,2,text
music/maintheme3.txt,3,text
